example_id,label
0,1
1,1
2,0
3,0
4,0
5,0
6,0
7,0
8,0
9,0
10,1
11,0
12,1
13,0
14,0
15,0
16,1
17,1
18,0
19,1
20,0
21,0
22,1
23,1
24,0
25,1
26,0
27,1
28,0
29,1
30,1
31,1
32,0
33,0
34,1
35,1
36,0
37,0
38,1
39,0
40,0
41,0
42,0
43,0
44,0
45,1
46,0
47,0
48,0
49,1
50,0
51,0
52,0
53,0
54,0
55,0
56,0
57,0
58,0
59,1
60,1
61,1
62,1
63,0
64,0
65,0
66,1
67,0
68,1
69,0
70,0
71,0
72,1
73,1
74,0
75,0
76,1
77,0
78,0
79,1
80,0
81,0
82,1
83,1
84,0
85,0
86,0
87,0
88,0
89,0
90,1
91,0
92,0
93,0
94,1
95,0
96,0
97,1
98,0
99,1
100,0
101,0
102,0
103,1
104,1
105,1
106,1
107,1
108,0
109,0
110,0
111,1
112,0
113,0
114,0
115,0
116,0
117,0
118,0
119,1
120,1
121,1
122,0
123,0
124,0
125,1
126,0
127,1
128,0
129,0
130,0
131,1
132,1
133,1
134,0
135,0
136,1
137,1
138,0
139,1
140,0
141,1
142,0
143,1
144,1
145,0
146,1
147,0
148,0
149,0
150,1
151,0
152,1
153,1
154,0
155,0
156,1
157,0
158,0
159,1
160,0
161,0
162,0
163,0
164,0
165,0
166,0
167,0
168,0
169,0
170,0
171,1
172,0
173,0
174,1
175,0
176,0
177,1
178,0
179,0
180,1
181,0
182,0
183,0
184,0
185,0
186,1
187,0
188,0
189,0
190,0
191,1
192,0
193,1
194,1
195,1
196,0
197,1
198,1
199,0
200,0
201,0
202,1
203,1
204,0
205,0
206,0
207,0
208,0
209,1
210,0
211,0
212,0
213,0
214,0
215,0
216,0
217,1
218,0
219,0
220,1
221,0
222,1
223,0
224,0
225,1
226,1
227,1
228,0
229,0
230,0
231,0
232,0
233,1
234,1
235,1
236,0
237,1
238,0
239,1
240,0
241,0
242,0
243,0
244,1
245,0
246,0
247,1
248,0
249,0
250,1
251,0
252,1
253,1
254,1
255,0
256,0
257,0
258,1
259,0
260,0
261,1
262,0
263,1
264,1
265,1
266,0
267,1
268,0
269,0
270,0
271,0
272,0
273,1
274,0
275,1
276,1
277,0
278,1
279,0
280,0
281,1
282,1
283,0
284,0
285,1
286,0
287,1
288,0
289,0
290,0
291,1
292,1
293,0
294,0
295,0
296,0
297,0
298,0
299,1
300,0
301,1
302,0
303,1
304,1
305,0
306,1
307,0
308,1
309,0
310,1
311,0
312,1
313,1
314,0
315,0
316,1
317,1
318,0
319,0
320,0
321,0
322,0
323,0
324,0
325,1
326,0
327,1
328,1
329,0
330,1
331,1
332,0
333,0
334,0
335,0
336,0
337,0
338,1
339,0
340,0
341,0
342,0
343,1
344,0
345,0
346,1
347,0
348,0
349,1
350,1
351,0
352,0
353,1
354,0
355,1
356,1
357,1
358,1
359,0
360,0
361,1
362,1
363,0
364,1
365,0
366,0
367,1
368,0
369,0
370,0
371,1
372,0
373,1
374,0
375,0
376,0
377,0
378,0
379,0
380,0
381,1
382,1
383,0
384,1
385,1
386,1
387,0
388,1
389,0
390,0
391,0
392,0
393,0
394,1
395,1
396,0
397,0
398,0
399,0
400,0
401,1
402,0
403,0
404,0
405,0
406,0
407,0
408,1
409,1
410,0
411,0
412,0
413,1
414,0
415,1
416,0
417,1
418,0
419,0
420,0
421,1
422,1
423,0
424,0
425,1
426,1
427,0
428,0
429,0
430,1
431,1
432,0
433,0
434,0
435,1
436,0
437,0
438,1
439,1
440,1
441,0
442,0
443,0
444,0
445,0
446,1
447,1
448,0
449,0
450,0
451,0
452,0
453,1
454,1
455,0
456,1
457,1
458,0
459,0
460,1
461,1
462,0
463,0
464,1
465,0
466,0
467,0
468,0
469,1
470,0
471,0
472,0
473,0
474,1
475,0
476,0
477,0
478,0
479,0
480,1
481,1
482,0
483,0
484,1
485,0
486,1
487,0
488,0
489,0
490,0
491,0
492,0
493,1
494,0
495,1
496,0
497,0
498,0
499,0
500,0
501,1
502,0
503,0
504,0
505,0
506,0
507,0
508,1
509,1
510,1
511,1
512,0
513,0
514,1
515,0
516,0
517,1
518,0
519,0
520,0
521,0
522,0
523,0
524,0
525,0
526,0
527,0
528,0
529,1
530,0
531,0
532,0
533,0
534,0
535,1
536,0
537,0
538,0
539,1
540,0
541,0
542,0
543,1
544,0
545,0
546,0
547,1
548,1
549,1
550,1
551,0
552,1
553,1
554,0
555,0
556,0
557,0
558,0
559,0
560,1
561,0
562,0
563,1
564,1
565,1
566,1
567,0
568,0
569,0
570,0
571,1
572,0
573,0
574,0
575,0
576,1
577,0
578,0
579,0
580,0
581,0
582,1
583,0
584,1
585,0
586,1
587,0
588,0
589,1
590,0
591,0
592,0
593,1
594,1
595,1
596,0
597,0
598,1
599,0
600,0
601,1
602,0
603,0
604,0
605,0
606,1
607,0
608,0
609,0
610,0
611,0
612,0
613,0
614,0
615,1
616,1
617,0
618,0
619,1
620,0
621,1
622,1
623,0
624,0
625,1
626,0
627,0
628,1
629,0
630,0
631,1
632,0
633,0
634,0
635,1
636,1
637,0
638,0
639,0
640,0
641,0
642,1
643,0
644,0
645,0
646,0
647,1
648,0
649,0
650,1
651,0
652,1
653,1
654,0
655,0
656,1
657,1
658,1
659,1
660,0
661,1
662,0
663,1
664,0
665,1
666,1
667,0
668,0
669,0
670,1
671,0
672,1
673,1
674,1
675,1
676,0
677,0
678,0
679,1
680,1
681,1
682,0
683,0
684,1
685,0
686,1
687,0
688,0
689,0
690,0
691,0
692,0
693,0
694,1
695,1
696,0
697,0
698,1
699,1
700,1
701,0
702,0
703,0
704,0
705,0
706,1
707,0
708,0
709,0
710,0
711,1
712,1
713,1
714,0
715,0
716,0
717,0
718,0
719,0
720,0
721,0
722,1
723,0
724,1
725,1
726,0
727,0
728,0
729,1
730,0
731,1
732,0
733,1
734,0
735,1
736,1
737,0
738,0
739,0
740,0
741,0
742,0
743,0
744,0
745,0
746,0
747,0
748,0
749,1
750,0
751,0
752,1
753,1
754,0
755,1
756,1
757,0
758,1
759,0
760,0
761,1
762,1
763,0
764,0
765,0
766,0
767,0
768,0
769,0
770,1
771,0
772,1
773,1
774,0
775,0
776,0
777,0
778,1
779,1
780,0
781,0
782,0
783,0
784,1
785,0
786,1
787,0
788,1
789,0
790,0
791,0
792,0
793,0
794,1
795,1
796,0
797,1
798,0
799,1
800,1
801,0
802,1
803,1
804,1
805,0
806,0
807,1
808,1
809,1
810,0
811,0
812,1
813,1
814,1
815,0
816,0
817,0
818,1
819,1
820,1
821,0
822,1
823,0
824,0
825,0
826,0
827,0
828,0
829,1
830,1
831,0
832,0
833,0
834,0
835,0
836,0
837,0
838,1
839,1
840,0
841,0
842,1
843,1
844,0
845,0
846,1
847,0
848,0
849,1
850,1
851,1
852,1
853,0
854,1
855,0
856,0
857,0
858,1
859,1
860,1
861,0
862,0
863,0
864,0
865,0
866,0
867,0
868,0
869,0
870,0
871,1
872,1
873,0
874,1
875,1
876,0
877,1
878,1
879,1
880,0
881,1
882,0
883,0
884,0
885,0
886,0
887,1
888,0
889,0
890,1
891,1
892,0
893,0
894,1
895,0
896,1
897,1
898,0
899,0
900,1
901,0
902,0
903,0
904,1
905,0
906,0
907,1
908,1
909,0
910,1
911,1
912,1
913,1
914,0
915,1
916,1
917,1
918,1
919,1
920,0
921,1
922,0
923,0
924,1
925,0
926,1
927,1
928,0
929,1
930,1
931,1
932,0
933,0
934,1
935,1
936,0
937,0
938,1
939,1
940,0
941,0
942,1
943,1
944,0
945,1
946,0
947,1
948,0
949,0
950,0
951,0
952,1
953,0
954,0
955,1
956,0
957,1
958,1
959,1
960,0
961,1
962,0
963,0
964,0
965,0
966,1
967,0
968,0
969,0
970,0
971,0
972,0
973,0
974,1
975,0
976,1
977,1
978,1
979,0
980,1
981,0
982,0
983,0
984,0
985,0
986,0
987,1
988,0
989,1
990,0
991,1
992,0
993,0
994,0
995,0
996,0
997,0
998,0
999,0
1000,0
1001,1
1002,0
1003,1
1004,1
1005,0
1006,1
1007,0
1008,0
1009,0
1010,1
1011,0
1012,1
1013,1
1014,0
1015,1
1016,1
1017,0
1018,0
1019,0
1020,1
1021,0
1022,0
1023,0
1024,0
1025,0
1026,0
1027,1
1028,0
1029,0
1030,1
1031,0
1032,0
1033,0
1034,0
1035,0
1036,0
1037,0
1038,1
1039,0
1040,0
1041,0
1042,0
1043,1
1044,0
1045,0
1046,0
1047,1
1048,1
1049,0
1050,0
1051,1
1052,1
1053,1
1054,1
1055,1
1056,0
1057,1
1058,0
1059,0
1060,0
1061,1
1062,0
1063,0
1064,1
1065,1
1066,0
1067,0
1068,0
1069,1
1070,1
1071,1
1072,0
1073,1
1074,1
1075,0
1076,0
1077,0
1078,0
1079,1
1080,0
1081,1
1082,1
1083,0
1084,1
1085,0
1086,1
1087,1
1088,0
1089,0
1090,1
1091,0
1092,1
1093,1
1094,0
1095,0
1096,0
1097,1
1098,0
1099,0
1100,0
1101,0
1102,0
1103,1
1104,0
1105,1
1106,1
1107,0
1108,1
1109,1
1110,1
1111,0
1112,1
1113,0
1114,1
1115,1
1116,0
1117,0
1118,0
1119,1
1120,0
1121,0
1122,0
1123,1
1124,1
1125,1
1126,0
1127,0
1128,0
1129,0
1130,0
1131,1
1132,0
1133,0
1134,0
1135,0
1136,0
1137,0
1138,1
1139,0
1140,1
1141,0
1142,0
1143,1
1144,0
1145,1
1146,0
1147,0
1148,1
1149,0
1150,1
1151,0
1152,0
1153,0
1154,0
1155,0
1156,0
1157,1
1158,0
1159,0
1160,0
1161,0
1162,0
1163,0
1164,0
1165,1
1166,0
1167,0
1168,0
1169,1
1170,0
1171,0
1172,0
1173,0
1174,0
1175,1
1176,1
1177,0
1178,0
1179,0
1180,0
1181,1
1182,0
1183,0
1184,1
1185,0
1186,0
1187,0
1188,0
1189,1
1190,0
1191,0
1192,1
1193,0
1194,0
1195,0
1196,0
1197,0
1198,1
1199,1
1200,0
1201,0
1202,1
1203,1
1204,0
1205,0
1206,0
1207,0
1208,0
1209,1
1210,1
1211,0
1212,1
1213,1
1214,0
1215,1
1216,1
1217,0
1218,1
1219,0
1220,0
1221,0
1222,0
1223,0
1224,1
1225,1
1226,0
1227,0
1228,1
1229,0
1230,0
1231,0
1232,0
1233,0
1234,1
1235,1
1236,0
1237,0
1238,0
1239,0
1240,0
1241,1
1242,0
1243,0
1244,1
1245,1
1246,1
1247,0
1248,1
1249,1
1250,0
1251,1
1252,0
1253,0
1254,1
1255,0
1256,0
1257,0
1258,0
1259,1
1260,0
1261,0
1262,0
1263,0
1264,0
1265,0
1266,0
1267,1
1268,1
1269,0
1270,1
1271,1
1272,0
1273,0
1274,1
1275,0
1276,0
1277,1
1278,0
1279,1
1280,0
1281,0
1282,0
1283,0
1284,0
1285,0
1286,0
1287,0
1288,1
1289,1
1290,0
1291,1
1292,0
1293,0
1294,0
1295,0
1296,1
1297,0
1298,1
1299,0
1300,0
1301,1
1302,1
1303,0
1304,0
1305,0
1306,0
1307,0
1308,1
1309,0
1310,0
1311,0
1312,1
1313,0
1314,1
1315,1
1316,0
1317,1
1318,0
1319,1
1320,1
1321,0
1322,0
1323,0
1324,1
1325,1
1326,0
1327,1
1328,0
1329,0
1330,0
1331,0
1332,1
1333,0
1334,1
1335,1
1336,1
1337,0
1338,0
1339,1
1340,0
1341,0
1342,1
1343,0
1344,0
1345,1
1346,0
1347,1
1348,1
1349,1
1350,0
1351,0
1352,1
1353,1
1354,0
1355,1
1356,0
1357,0
1358,0
1359,0
1360,1
1361,0
1362,0
1363,0
1364,0
1365,0
1366,0
1367,1
1368,0
1369,1
1370,0
1371,1
1372,1
1373,1
1374,0
1375,0
1376,1
1377,1
1378,1
1379,0
1380,0
1381,1
1382,0
1383,0
1384,0
1385,0
1386,0
1387,0
1388,0
1389,0
1390,0
1391,1
1392,0
1393,1
1394,0
1395,1
1396,0
1397,1
1398,0
1399,0
1400,1
1401,1
1402,1
1403,1
1404,0
1405,0
1406,0
1407,0
1408,0
1409,1
1410,0
1411,0
1412,0
1413,0
1414,1
1415,1
1416,0
1417,1
1418,0
1419,1
1420,0
1421,1
1422,1
1423,0
1424,0
1425,0
1426,1
1427,1
1428,1
1429,1
1430,1
1431,0
1432,1
1433,1
1434,0
1435,1
1436,1
1437,1
1438,0
1439,1
1440,0
1441,0
1442,1
1443,1
1444,1
1445,1
1446,1
1447,0
1448,1
1449,1
1450,0
1451,0
1452,1
1453,0
1454,0
1455,0
1456,0
1457,0
1458,0
1459,0
1460,0
1461,1
1462,1
1463,0
1464,0
1465,1
1466,0
1467,1
1468,1
1469,0
1470,0
1471,0
1472,0
1473,0
1474,0
1475,0
1476,0
1477,0
1478,0
1479,0
1480,1
1481,0
1482,1
1483,1
1484,0
1485,1
1486,0
1487,0
1488,1
1489,0
1490,1
1491,0
1492,1
1493,0
1494,0
1495,1
1496,1
1497,0
1498,0
1499,1
1500,0
1501,0
1502,0
1503,0
1504,1
1505,0
1506,1
1507,1
1508,0
1509,0
1510,0
1511,0
1512,1
1513,1
1514,0
1515,1
1516,1
1517,1
1518,0
1519,0
1520,0
1521,1
1522,1
1523,1
1524,0
1525,1
1526,0
1527,1
1528,0
1529,1
1530,0
1531,0
1532,0
1533,1
1534,0
1535,0
1536,1
1537,1
1538,1
1539,1
1540,1
1541,0
1542,1
1543,1
1544,0
1545,0
1546,0
1547,0
1548,0
1549,0
1550,0
1551,0
1552,0
1553,0
1554,0
1555,1
1556,0
1557,0
1558,1
1559,1
1560,0
1561,0
1562,0
1563,0
1564,1
1565,0
1566,1
1567,0
1568,1
1569,0
1570,0
1571,1
1572,1
1573,0
1574,0
1575,0
1576,0
1577,0
1578,1
1579,0
1580,0
1581,1
1582,0
1583,1
1584,0
1585,0
1586,1
1587,0
1588,1
1589,0
1590,0
1591,0
1592,1
1593,0
1594,0
1595,0
1596,1
1597,0
1598,0
1599,0
1600,0
1601,0
1602,0
1603,0
1604,0
1605,1
1606,1
1607,0
1608,0
1609,1
1610,0
1611,0
1612,0
1613,1
1614,1
1615,0
1616,0
1617,0
1618,0
1619,0
1620,1
1621,0
1622,0
1623,0
1624,1
1625,1
1626,0
1627,1
1628,0
1629,0
1630,0
1631,0
1632,1
1633,0
1634,1
1635,0
1636,1
1637,1
1638,0
1639,1
1640,0
1641,1
1642,0
1643,0
1644,1
1645,0
1646,0
1647,0
1648,1
1649,0
1650,0
1651,1
1652,0
1653,0
1654,1
1655,0
1656,1
1657,1
1658,1
1659,0
1660,1
1661,0
1662,0
1663,0
1664,0
1665,1
1666,1
1667,0
1668,0
1669,1
1670,1
1671,0
1672,1
1673,1
1674,0
1675,0
1676,0
1677,1
1678,1
1679,0
1680,1
1681,1
1682,0
1683,0
1684,1
1685,0
1686,0
1687,0
1688,0
1689,1
1690,0
1691,0
1692,0
1693,1
1694,1
1695,0
1696,0
1697,0
1698,0
1699,0
1700,0
1701,1
1702,0
1703,0
1704,0
1705,0
1706,1
1707,1
1708,0
1709,0
1710,1
1711,0
1712,1
1713,1
1714,0
1715,0
1716,1
1717,1
1718,1
1719,0
1720,1
1721,0
1722,0
1723,0
1724,0
1725,0
1726,0
1727,1
1728,1
1729,0
1730,0
1731,0
1732,1
1733,0
1734,0
1735,0
1736,0
1737,1
1738,0
1739,0
1740,0
1741,1
1742,0
1743,0
1744,0
1745,0
1746,0
1747,0
1748,0
1749,1
1750,1
1751,1
1752,1
1753,0
1754,0
1755,0
1756,1
1757,0
1758,0
1759,0
1760,0
1761,1
1762,0
1763,0
1764,0
1765,1
1766,0
1767,1
1768,0
1769,1
1770,1
1771,0
1772,1
1773,0
1774,1
1775,0
1776,1
1777,0
1778,1
1779,0
1780,0
1781,0
1782,1
1783,0
1784,1
1785,0
1786,1
1787,0
1788,0
1789,0
1790,0
1791,1
1792,0
1793,0
1794,0
1795,0
1796,0
1797,1
1798,0
1799,1
1800,1
1801,0
1802,0
1803,1
1804,0
1805,1
1806,0
1807,0
1808,1
1809,0
1810,1
1811,0
1812,0
1813,1
1814,0
1815,0
1816,0
1817,0
1818,1
1819,0
1820,0
1821,1
1822,1
1823,1
1824,0
1825,0
1826,0
1827,0
1828,0
1829,1
1830,0
1831,1
1832,1
1833,1
1834,0
1835,1
1836,1
1837,0
1838,1
1839,1
1840,0
1841,0
1842,1
1843,1
1844,1
1845,1
1846,1
1847,0
1848,0
1849,0
1850,0
1851,0
1852,0
1853,1
1854,1
1855,0
1856,1
1857,0
1858,0
1859,0
1860,0
1861,0
1862,1
1863,0
1864,1
1865,0
1866,0
1867,0
1868,1
1869,0
1870,1
1871,1
1872,0
1873,1
1874,0
1875,1
1876,0
1877,0
1878,1
1879,0
1880,0
1881,0
1882,1
1883,1
1884,0
1885,0
1886,1
1887,1
1888,1
1889,1
1890,0
1891,0
1892,1
1893,1
1894,0
1895,1
1896,0
1897,0
1898,1
1899,0
1900,1
1901,0
1902,0
1903,0
1904,0
1905,0
1906,0
1907,0
1908,0
1909,0
1910,1
1911,0
1912,1
1913,0
1914,0
1915,1
1916,1
1917,0
1918,1
1919,0
1920,0
1921,1
1922,0
1923,0
1924,1
1925,1
1926,0
1927,0
1928,1
1929,0
1930,0
1931,0
1932,0
1933,0
1934,1
1935,1
1936,0
1937,0
1938,0
1939,0
1940,0
1941,1
1942,0
1943,1
1944,1
1945,1
1946,1
1947,0
1948,0
1949,0
1950,1
1951,1
1952,0
1953,1
1954,1
1955,0
1956,0
1957,0
1958,1
1959,0
1960,0
1961,1
1962,0
1963,1
1964,0
1965,0
1966,1
1967,0
1968,0
1969,0
1970,0
1971,0
1972,1
1973,0
1974,0
1975,1
1976,0
1977,0
1978,0
1979,1
1980,1
1981,1
1982,0
1983,1
1984,0
1985,0
1986,0
1987,0
1988,0
1989,1
1990,0
1991,1
1992,0
1993,0
1994,1
1995,0
1996,0
1997,0
1998,1
1999,0
2000,1
2001,0
2002,0
2003,0
2004,0
2005,0
2006,1
2007,0
2008,1
2009,0
2010,0
2011,0
2012,0
2013,0
2014,0
2015,1
2016,0
2017,1
2018,0
2019,1
2020,0
2021,0
2022,0
2023,0
2024,0
2025,1
2026,0
2027,0
2028,0
2029,0
2030,0
2031,1
2032,0
2033,1
2034,0
2035,1
2036,1
2037,0
2038,1
2039,1
2040,0
2041,1
2042,1
2043,1
2044,1
2045,1
2046,1
2047,0
2048,0
2049,1
2050,0
2051,0
2052,1
2053,1
2054,1
2055,0
2056,0
2057,1
2058,0
2059,0
2060,0
2061,0
2062,1
2063,1
2064,1
2065,0
2066,0
2067,0
2068,0
2069,0
2070,0
2071,0
2072,0
2073,1
2074,1
2075,1
2076,1
2077,0
2078,1
2079,0
2080,0
2081,1
2082,0
2083,0
2084,1
2085,0
2086,1
2087,0
2088,0
2089,0
2090,0
2091,1
2092,0
2093,1
2094,0
2095,0
2096,1
2097,0
2098,0
2099,1
2100,0
2101,1
2102,0
2103,0
2104,0
2105,0
2106,1
2107,0
2108,0
2109,0
2110,1
2111,0
2112,0
2113,1
2114,0
2115,1
2116,0
2117,1
2118,0
2119,0
2120,1
2121,1
2122,1
2123,0
2124,0
2125,1
2126,1
2127,0
2128,0
2129,0
2130,1
2131,0
2132,0
2133,1
2134,1
2135,1
2136,0
2137,0
2138,0
2139,0
2140,1
2141,1
2142,0
2143,0
2144,0
2145,1
2146,0
2147,1
2148,0
2149,0
2150,1
2151,0
2152,1
2153,1
2154,0
2155,0
2156,1
2157,1
2158,1
2159,0
2160,1
2161,1
2162,1
2163,0
2164,1
2165,1
2166,0
2167,0
2168,0
2169,0
2170,1
2171,1
2172,1
2173,0
2174,0
2175,0
2176,0
2177,1
2178,1
2179,0
2180,0
2181,0
2182,0
2183,1
2184,1
2185,0
2186,1
2187,0
2188,1
2189,0
2190,1
2191,0
2192,0
2193,0
2194,0
2195,1
2196,1
2197,0
2198,0
2199,0
2200,1
2201,1
2202,0
2203,0
2204,0
2205,0
2206,1
2207,0
2208,1
2209,0
2210,1
2211,0
2212,1
2213,1
2214,0
2215,0
2216,0
2217,0
2218,1
2219,0
2220,0
2221,0
2222,0
2223,1
2224,0
2225,0
2226,0
2227,0
2228,1
2229,0
2230,0
2231,0
2232,0
2233,0
2234,0
2235,0
2236,1
2237,1
2238,1
2239,0
2240,1
2241,0
2242,0
2243,0
2244,0
2245,1
2246,1
2247,0
2248,0
2249,0
2250,1
2251,1
2252,0
2253,0
2254,0
2255,0
2256,1
2257,1
2258,0
2259,0
2260,0
2261,0
2262,0
2263,1
2264,0
2265,1
2266,1
2267,1
2268,1
2269,0
2270,0
2271,0
2272,1
2273,0
2274,1
2275,0
2276,1
2277,0
2278,1
2279,0
2280,1
2281,1
2282,0
2283,1
2284,1
2285,0
2286,0
2287,1
2288,0
2289,0
2290,1
2291,0
2292,1
2293,0
2294,0
2295,1
2296,1
2297,0
2298,1
2299,0
2300,0
2301,0
2302,1
2303,0
2304,0
2305,0
2306,0
2307,1
2308,1
2309,1
2310,0
2311,1
2312,0
2313,0
2314,0
2315,0
2316,1
2317,0
2318,1
2319,1
2320,0
2321,1
2322,0
2323,0
2324,1
2325,1
2326,0
2327,1
2328,0
2329,0
2330,0
2331,0
2332,0
2333,0
2334,1
2335,1
2336,0
2337,1
2338,1
2339,0
2340,0
2341,1
2342,1
2343,0
2344,0
2345,1
2346,0
2347,1
2348,0
2349,1
2350,0
2351,1
2352,0
2353,0
2354,1
2355,0
2356,1
2357,1
2358,1
2359,1
2360,0
2361,0
2362,0
2363,0
2364,1
2365,0
2366,1
2367,1
2368,0
2369,1
2370,0
2371,0
2372,0
2373,0
2374,0
2375,1
2376,0
2377,0
2378,0
2379,1
2380,0
2381,0
2382,1
2383,0
2384,1
2385,0
2386,0
2387,1
2388,1
2389,0
2390,0
2391,0
2392,1
2393,0
2394,0
2395,0
2396,0
2397,0
2398,0
2399,0
2400,1
2401,0
2402,0
2403,0
2404,0
2405,1
2406,1
2407,0
2408,0
2409,0
2410,1
2411,0
2412,1
2413,0
2414,0
2415,0
2416,1
2417,0
2418,1
2419,1
2420,0
2421,1
2422,1
2423,1
2424,0
2425,1
2426,1
2427,1
2428,1
2429,0
2430,1
2431,0
2432,0
2433,0
2434,0
2435,0
2436,0
2437,1
2438,1
2439,1
2440,1
2441,0
2442,1
2443,0
2444,0
2445,1
2446,1
2447,1
2448,1
2449,0
2450,1
2451,1
2452,0
2453,0
2454,1
2455,1
2456,1
2457,1
2458,0
2459,1
2460,0
2461,0
2462,0
2463,0
2464,0
2465,0
2466,0
2467,0
2468,0
2469,0
2470,1
2471,0
2472,1
2473,1
2474,1
2475,1
2476,0
2477,1
2478,0
2479,0
2480,1
2481,0
2482,0
2483,0
2484,0
2485,1
2486,0
2487,0
2488,1
2489,0
2490,1
2491,1
2492,1
2493,1
2494,1
2495,0
2496,1
2497,1
2498,0
2499,0
2500,0
2501,1
2502,0
2503,0
2504,0
2505,1
2506,0
2507,0
2508,0
2509,0
2510,0
2511,1
2512,0
2513,0
2514,1
2515,1
2516,1
2517,0
2518,0
2519,1
2520,0
2521,0
2522,0
2523,0
2524,0
2525,0
2526,0
2527,0
2528,1
2529,1
2530,1
2531,0
2532,1
2533,1
2534,0
2535,0
2536,0
2537,0
2538,0
2539,1
2540,1
2541,1
2542,1
2543,1
2544,0
2545,0
2546,1
2547,0
2548,0
2549,0
2550,1
2551,0
2552,1
2553,0
2554,1
2555,0
2556,0
2557,0
2558,0
2559,1
2560,1
2561,0
2562,0
2563,0
2564,0
2565,1
2566,1
2567,0
2568,1
2569,0
2570,1
2571,0
2572,1
2573,0
2574,1
2575,0
2576,0
2577,1
2578,0
2579,0
2580,1
2581,0
2582,1
2583,0
2584,1
2585,0
2586,0
2587,0
2588,1
2589,0
2590,0
2591,1
2592,0
2593,0
2594,0
2595,1
2596,1
2597,1
2598,1
2599,0
2600,1
2601,0
2602,1
2603,0
2604,0
2605,1
2606,1
2607,0
2608,1
2609,0
2610,1
2611,1
2612,1
2613,0
2614,1
2615,1
2616,1
2617,0
2618,1
2619,0
2620,0
2621,1
2622,0
2623,0
2624,0
2625,0
2626,0
2627,0
2628,0
2629,0
2630,1
2631,1
2632,0
2633,1
2634,1
2635,0
2636,1
2637,1
2638,0
2639,0
2640,0
2641,0
2642,1
2643,1
2644,0
2645,1
2646,0
2647,0
2648,0
2649,1
2650,1
2651,1
2652,0
2653,0
2654,1
2655,1
2656,1
2657,0
2658,0
2659,1
2660,1
2661,0
2662,0
2663,1
2664,0
2665,0
2666,0
2667,1
2668,0
2669,0
2670,0
2671,0
2672,0
2673,0
2674,1
2675,1
2676,0
2677,1
2678,0
2679,1
2680,1
2681,0
2682,0
2683,1
2684,1
2685,0
2686,0
2687,1
2688,1
2689,0
2690,0
2691,1
2692,1
2693,0
2694,0
2695,0
2696,0
2697,0
2698,0
2699,0
2700,0
2701,1
2702,1
2703,1
2704,1
2705,0
2706,0
2707,1
2708,1
2709,1
2710,1
2711,1
2712,0
2713,0
2714,0
2715,1
2716,0
2717,1
2718,0
2719,1
2720,1
2721,0
2722,0
2723,1
2724,0
2725,1
2726,1
2727,1
2728,0
2729,0
2730,0
2731,1
2732,0
2733,0
2734,0
2735,0
2736,0
2737,0
2738,1
2739,0
2740,0
2741,0
2742,0
2743,1
2744,0
2745,1
2746,0
2747,1
2748,1
2749,0
2750,1
2751,0
2752,0
2753,0
2754,1
2755,0
2756,1
2757,1
2758,0
2759,0
2760,0
2761,0
2762,1
2763,0
2764,1
2765,1
2766,1
2767,0
2768,0
2769,0
2770,0
2771,0
2772,0
2773,0
2774,0
2775,0
2776,1
2777,0
2778,0
2779,1
2780,0
2781,0
2782,0
2783,1
2784,1
2785,1
2786,1
2787,0
2788,0
2789,0
2790,0
2791,0
2792,0
2793,1
2794,1
2795,1
2796,0
2797,0
2798,0
2799,0
2800,0
2801,0
2802,0
2803,0
2804,1
2805,1
2806,0
2807,1
2808,0
2809,0
2810,0
2811,0
2812,0
2813,0
2814,0
2815,1
2816,1
2817,0
2818,0
2819,1
2820,0
2821,1
2822,0
2823,0
2824,0
2825,0
2826,0
2827,1
2828,1
2829,0
2830,1
2831,1
2832,0
2833,0
2834,1
2835,0
2836,0
2837,0
2838,0
2839,1
2840,0
2841,0
2842,1
2843,0
2844,0
2845,0
2846,0
2847,0
2848,0
2849,1
2850,0
2851,1
2852,1
2853,1
2854,0
2855,0
2856,0
2857,0
2858,1
2859,0
2860,1
2861,1
2862,0
2863,0
2864,0
2865,0
2866,1
2867,0
2868,0
2869,0
2870,0
2871,1
2872,0
2873,1
2874,1
2875,0
2876,0
2877,0
2878,0
2879,1
2880,0
2881,1
2882,0
2883,0
2884,1
2885,0
2886,1
2887,1
2888,1
2889,1
2890,1
2891,0
2892,0
2893,1
2894,0
2895,1
2896,0
2897,1
2898,0
2899,0
2900,1
2901,1
2902,1
2903,1
2904,0
2905,0
2906,1
2907,0
2908,0
2909,0
2910,1
2911,0
2912,1
2913,0
2914,1
2915,1
2916,1
2917,0
2918,1
2919,0
2920,0
2921,0
2922,1
2923,1
2924,1
2925,0
2926,1
2927,0
2928,0
2929,1
2930,0
2931,1
2932,1
2933,1
2934,1
2935,0
2936,1
2937,0
2938,0
2939,1
2940,0
2941,1
2942,1
2943,0
2944,1
2945,0
2946,1
2947,0
2948,0
2949,0
2950,1
2951,0
2952,0
2953,1
2954,0
2955,1
2956,1
2957,0
2958,1
2959,0
2960,0
2961,0
2962,0
2963,0
2964,0
2965,1
2966,0
2967,0
2968,0
2969,0
2970,1
2971,0
2972,0
2973,1
2974,0
2975,0
2976,1
2977,0
2978,1
2979,0
2980,0
2981,1
2982,0
2983,0
2984,1
2985,0
2986,1
2987,1
2988,0
2989,0
2990,1
2991,0
2992,1
2993,1
2994,1
2995,0
2996,0
2997,0
2998,1
2999,0
3000,0
3001,1
3002,1
3003,1
3004,1
3005,1
3006,0
3007,0
3008,0
3009,1
3010,1
3011,0
3012,0
3013,1
3014,1
3015,1
3016,0
3017,0
3018,0
3019,0
3020,0
3021,0
3022,0
3023,1
3024,0
3025,0
3026,0
3027,0
3028,1
3029,1
3030,0
3031,0
3032,0
3033,0
3034,1
3035,0
3036,0
3037,0
3038,1
3039,1
3040,1
3041,0
3042,1
3043,0
3044,1
3045,0
3046,0
3047,1
3048,0
3049,0
3050,1
3051,1
3052,0
3053,1
3054,0
3055,0
3056,0
3057,0
3058,1
3059,0
3060,0
3061,0
3062,1
3063,0
3064,0
3065,0
3066,0
3067,0
3068,0
3069,1
3070,1
3071,0
3072,1
3073,0
3074,1
3075,0
3076,0
3077,1
3078,0
3079,0
3080,0
3081,0
3082,0
3083,0
3084,0
3085,0
3086,1
3087,0
3088,0
3089,0
3090,0
3091,0
3092,0
3093,1
3094,0
3095,0
3096,0
3097,0
3098,0
3099,0
3100,0
3101,0
3102,0
3103,1
3104,0
3105,0
3106,1
3107,1
3108,1
3109,0
3110,0
3111,0
3112,1
3113,1
3114,0
3115,1
3116,1
3117,1
3118,1
3119,0
3120,1
3121,0
3122,1
3123,0
3124,1
3125,0
3126,0
3127,0
3128,0
3129,0
3130,0
3131,1
3132,0
3133,1
3134,0
3135,1
3136,1
3137,0
3138,1
3139,0
3140,0
3141,0
3142,0
3143,0
3144,0
3145,1
3146,0
3147,1
3148,0
3149,1
3150,0
3151,1
3152,1
3153,0
3154,0
3155,0
3156,1
3157,1
3158,1
3159,0
3160,1
3161,1
3162,0
3163,0
3164,1
3165,1
3166,0
3167,1
3168,1
3169,0
3170,0
3171,0
3172,0
3173,0
3174,0
3175,0
3176,0
3177,0
3178,0
3179,0
3180,0
3181,1
3182,1
3183,0
3184,1
3185,0
3186,0
3187,0
3188,0
3189,0
3190,0
3191,0
3192,0
3193,0
3194,1
3195,1
3196,1
3197,0
3198,0
3199,1
3200,1
3201,0
3202,0
3203,1
3204,1
3205,1
3206,1
3207,0
3208,0
3209,1
3210,0
3211,1
3212,0
3213,0
3214,0
3215,0
3216,0
3217,0
3218,0
3219,1
3220,1
3221,0
3222,0
3223,1
3224,1
3225,0
3226,1
3227,1
3228,1
3229,1
3230,0
3231,1
3232,1
3233,0
3234,1
3235,0
3236,1
3237,0
3238,0
3239,1
3240,0
3241,1
3242,1
3243,0
3244,0
3245,1
3246,0
3247,0
3248,1
3249,0
3250,1
3251,1
3252,1
3253,0
3254,0
3255,0
3256,1
3257,0
3258,1
3259,1
3260,0
3261,0
3262,1
3263,0
3264,0
3265,1
3266,1
3267,1
3268,1
3269,1
3270,0
3271,1
3272,0
3273,1
3274,1
3275,1
3276,1
3277,0
3278,0
3279,0
3280,0
3281,0
3282,0
3283,0
3284,0
3285,0
3286,0
3287,0
3288,1
3289,0
3290,0
3291,1
3292,0
3293,1
3294,1
3295,0
3296,0
3297,0
3298,1
3299,0
3300,0
3301,1
3302,1
3303,1
3304,1
3305,1
3306,0
3307,0
3308,0
3309,0
3310,1
3311,1
3312,0
3313,0
3314,1
3315,0
3316,0
3317,0
3318,1
3319,0
3320,0
3321,0
3322,0
3323,0
3324,0
3325,1
3326,0
3327,0
3328,1
3329,0
3330,0
3331,1
3332,1
3333,0
3334,1
3335,0
3336,0
3337,1
3338,0
3339,0
3340,1
3341,0
3342,0
3343,0
3344,0
3345,1
3346,0
3347,0
3348,1
3349,0
3350,0
3351,0
3352,0
3353,1
3354,1
3355,0
3356,0
3357,0
3358,0
3359,0
3360,1
3361,0
3362,0
3363,0
3364,0
3365,0
3366,1
3367,0
3368,0
3369,1
3370,0
3371,1
3372,1
3373,0
3374,0
3375,0
3376,0
3377,0
3378,1
3379,0
3380,0
3381,0
3382,0
3383,0
3384,0
3385,0
3386,0
3387,0
3388,0
3389,1
3390,0
3391,1
3392,1
3393,0
3394,0
3395,1
3396,0
3397,1
3398,1
3399,0
3400,0
3401,0
3402,1
3403,1
3404,0
3405,1
3406,0
3407,1
3408,0
3409,1
3410,1
3411,1
3412,0
3413,0
3414,0
3415,1
3416,0
3417,0
3418,0
3419,1
3420,0
3421,0
3422,0
3423,1
3424,0
3425,0
3426,0
3427,0
3428,0
3429,1
3430,1
3431,1
3432,1
3433,0
3434,0
3435,1
3436,0
3437,0
3438,0
3439,1
3440,0
3441,0
3442,1
3443,0
3444,0
3445,0
3446,0
3447,1
3448,1
3449,0
3450,1
3451,0
3452,0
3453,0
3454,0
3455,0
3456,0
3457,0
3458,0
3459,0
3460,1
3461,0
3462,1
3463,0
3464,1
3465,0
3466,0
3467,0
3468,0
3469,0
3470,0
3471,1
3472,0
3473,0
3474,0
3475,0
3476,0
3477,0
3478,0
3479,0
3480,0
3481,0
3482,0
3483,0
3484,0
3485,0
3486,1
3487,0
3488,0
3489,0
3490,0
3491,0
3492,1
3493,1
3494,0
3495,0
3496,0
3497,0
3498,0
3499,0
3500,1
3501,1
3502,1
3503,1
3504,1
3505,0
3506,1
3507,0
3508,1
3509,1
3510,1
3511,1
3512,0
3513,0
3514,0
3515,1
3516,1
3517,1
3518,0
3519,0
3520,0
3521,0
3522,1
3523,0
3524,0
3525,0
3526,0
3527,0
3528,1
3529,0
3530,1
3531,0
3532,0
3533,1
3534,1
3535,1
3536,0
3537,0
3538,1
3539,0
3540,0
3541,1
3542,0
3543,1
3544,1
3545,0
3546,1
3547,0
3548,1
3549,0
3550,0
3551,1
3552,0
3553,0
3554,0
3555,1
3556,0
3557,0
3558,1
3559,0
3560,1
3561,1
3562,0
3563,0
3564,0
3565,0
3566,1
3567,0
3568,1
3569,0
3570,0
3571,1
3572,0
3573,1
3574,0
3575,0
3576,1
3577,0
3578,1
3579,1
3580,0
3581,0
3582,0
3583,1
3584,0
3585,0
3586,1
3587,0
3588,0
3589,0
3590,0
3591,0
3592,0
3593,0
3594,1
3595,0
3596,0
3597,0
3598,0
3599,0
3600,1
3601,0
3602,0
3603,0
3604,0
3605,1
3606,0
3607,1
3608,0
3609,1
3610,0
3611,0
3612,0
3613,1
3614,1
3615,1
3616,1
3617,1
3618,0
3619,0
3620,1
3621,1
3622,0
3623,0
3624,1
3625,1
3626,1
3627,0
3628,1
3629,0
3630,1
3631,0
3632,0
3633,0
3634,0
3635,0
3636,0
3637,1
3638,1
3639,0
3640,0
3641,0
3642,1
3643,0
3644,1
3645,1
3646,1
3647,0
3648,0
3649,0
3650,0
3651,1
3652,0
3653,0
3654,0
3655,1
3656,1
3657,0
3658,0
3659,1
3660,0
3661,0
3662,0
3663,0
3664,0
3665,0
3666,1
3667,0
3668,0
3669,0
3670,1
3671,0
3672,1
3673,1
3674,1
3675,1
3676,0
3677,1
3678,0
3679,0
3680,0
3681,0
3682,0
3683,1
3684,0
3685,0
3686,0
3687,0
3688,0
3689,1
3690,0
3691,0
3692,0
3693,0
3694,0
3695,0
3696,0
3697,0
3698,1
3699,1
3700,0
3701,1
3702,0
3703,0
3704,0
3705,0
3706,0
3707,0
3708,1
3709,1
3710,0
3711,0
3712,1
3713,0
3714,0
3715,1
3716,0
3717,1
3718,0
3719,1
3720,1
3721,1
3722,0
3723,0
3724,0
3725,0
3726,0
3727,0
3728,0
3729,1
3730,0
3731,0
3732,1
3733,1
3734,1
3735,1
3736,1
3737,0
3738,0
3739,1
3740,0
3741,1
3742,0
3743,1
3744,0
3745,0
3746,0
3747,1
3748,0
3749,0
3750,1
3751,0
3752,1
3753,0
3754,0
3755,1
3756,0
3757,1
3758,0
3759,0
3760,1
3761,0
3762,0
3763,0
3764,1
3765,0
3766,1
3767,0
3768,1
3769,1
3770,0
3771,1
3772,0
3773,1
3774,1
3775,1
3776,0
3777,0
3778,1
3779,1
3780,0
3781,1
3782,1
3783,0
3784,0
3785,1
3786,1
3787,0
3788,0
3789,0
3790,1
3791,0
3792,1
3793,1
3794,0
3795,1
3796,0
3797,1
3798,0
3799,0
3800,1
3801,0
3802,1
3803,0
3804,0
3805,0
3806,1
3807,0
3808,0
3809,1
3810,0
3811,1
3812,0
3813,0
3814,1
3815,0
3816,1
3817,0
3818,1
3819,0
3820,1
3821,0
3822,0
3823,1
3824,0
3825,0
3826,1
3827,0
3828,1
3829,1
3830,1
3831,1
3832,1
3833,1
3834,0
3835,0
3836,0
3837,1
3838,0
3839,1
3840,1
3841,1
3842,0
3843,0
3844,0
3845,1
3846,0
3847,1
3848,1
3849,0
3850,0
3851,1
3852,1
3853,0
3854,0
3855,0
3856,1
3857,1
3858,1
3859,1
3860,0
3861,0
3862,1
3863,1
3864,0
3865,1
3866,0
3867,0
3868,1
3869,0
3870,0
3871,1
3872,1
3873,0
3874,0
3875,0
3876,1
3877,0
3878,1
3879,1
3880,0
3881,0
3882,0
3883,1
3884,0
3885,0
3886,1
3887,0
3888,0
3889,0
3890,1
3891,0
3892,0
3893,0
3894,0
3895,1
3896,0
3897,0
3898,1
3899,1
3900,0
3901,0
3902,1
3903,0
3904,1
3905,0
3906,0
3907,1
3908,0
3909,1
3910,0
3911,0
3912,1
3913,0
3914,0
3915,1
3916,1
3917,1
3918,1
3919,0
3920,0
3921,1
3922,1
3923,0
3924,0
3925,0
3926,1
3927,0
3928,0
3929,1
3930,0
3931,1
3932,0
3933,0
3934,0
3935,1
3936,0
3937,1
3938,1
3939,0
3940,1
3941,0
3942,0
3943,0
3944,0
3945,1
3946,1
3947,0
3948,1
3949,1
3950,1
3951,1
3952,0
3953,0
3954,1
3955,1
3956,1
3957,1
3958,0
3959,0
3960,0
3961,0
3962,0
3963,0
3964,0
3965,0
3966,0
3967,0
3968,0
3969,0
3970,1
3971,0
3972,0
3973,0
3974,0
3975,0
3976,0
3977,1
3978,0
3979,0
3980,0
3981,0
3982,0
3983,1
3984,0
3985,1
3986,0
3987,0
3988,0
3989,0
3990,0
3991,1
3992,0
3993,0
3994,1
3995,0
3996,1
3997,0
3998,1
3999,1
4000,1
4001,0
4002,0
4003,1
4004,0
4005,0
4006,0
4007,1
4008,0
4009,0
4010,0
4011,0
4012,1
4013,1
4014,1
4015,1
4016,1
4017,1
4018,0
4019,1
4020,1
4021,0
4022,0
4023,0
4024,0
4025,0
4026,0
4027,0
4028,0
4029,1
4030,0
4031,1
4032,0
4033,0
4034,1
4035,0
4036,0
4037,1
4038,1
4039,0
4040,0
4041,0
4042,0
4043,0
4044,0
4045,1
4046,0
4047,0
4048,1
4049,0
4050,0
4051,1
4052,1
4053,1
4054,0
4055,1
4056,1
4057,1
4058,0
4059,1
4060,1
4061,1
4062,1
4063,0
4064,1
4065,0
4066,1
4067,1
4068,1
4069,0
4070,0
4071,1
4072,1
4073,0
4074,1
4075,0
4076,0
4077,1
4078,0
4079,0
4080,0
4081,1
4082,1
4083,0
4084,1
4085,0
4086,0
4087,0
4088,0
4089,1
4090,0
4091,1
4092,0
4093,0
4094,0
4095,0
4096,0
4097,0
4098,0
4099,0
4100,1
4101,1
4102,1
4103,0
4104,0
4105,0
4106,0
4107,1
4108,1
4109,0
4110,1
4111,0
4112,1
4113,1
4114,0
4115,1
4116,1
4117,0
4118,0
4119,1
4120,0
4121,1
4122,0
4123,0
4124,0
4125,0
4126,1
4127,1
4128,0
4129,0
4130,0
4131,0
4132,0
4133,1
4134,1
4135,0
4136,1
4137,1
4138,1
4139,1
4140,0
4141,1
4142,1
4143,0
4144,1
4145,1
4146,0
4147,0
4148,0
4149,0
4150,0
4151,0
4152,0
4153,1
4154,0
4155,0
4156,0
4157,0
4158,0
4159,0
4160,0
4161,0
4162,0
4163,1
4164,1
4165,0
4166,0
4167,0
4168,0
4169,1
4170,1
4171,0
4172,0
4173,0
4174,0
4175,0
4176,1
4177,1
4178,1
4179,1
4180,0
4181,0
4182,0
4183,0
4184,0
4185,0
4186,0
4187,0
4188,1
4189,0
4190,1
4191,0
4192,0
4193,1
4194,1
4195,1
4196,0
4197,1
4198,0
4199,1
4200,0
4201,0
4202,0
4203,1
4204,1
4205,1
4206,1
4207,0
4208,1
4209,1
4210,1
4211,0
4212,0
4213,0
4214,0
4215,0
4216,1
4217,1
4218,0
4219,0
4220,1
4221,1
4222,0
4223,0
4224,0
4225,0
4226,0
4227,0
4228,0
4229,0
4230,0
4231,0
4232,0
4233,0
4234,0
4235,0
4236,0
4237,1
4238,0
4239,1
4240,1
4241,0
4242,1
4243,0
4244,0
4245,0
4246,0
4247,1
4248,1
4249,1
4250,0
4251,0
4252,0
4253,1
4254,1
4255,1
4256,0
4257,0
4258,0
4259,1
4260,0
4261,0
4262,1
4263,1
4264,1
4265,0
4266,0
4267,0
4268,1
4269,1
4270,0
4271,1
4272,0
4273,0
4274,0
4275,0
4276,0
4277,1
4278,0
4279,0
4280,0
4281,0
4282,1
4283,0
4284,1
4285,1
4286,0
4287,1
4288,0
4289,0
4290,1
4291,0
4292,1
4293,0
4294,0
4295,0
4296,0
4297,0
4298,0
4299,0
4300,1
4301,0
4302,1
4303,1
4304,1
4305,0
4306,0
4307,1
4308,1
4309,1
4310,1
4311,1
4312,1
4313,0
4314,1
4315,0
4316,1
4317,0
4318,1
4319,1
4320,0
4321,0
4322,1
4323,1
4324,0
4325,1
4326,0
4327,1
4328,0
4329,1
4330,1
4331,1
4332,1
4333,0
4334,1
4335,1
4336,0
4337,0
4338,0
4339,0
4340,0
4341,0
4342,0
4343,1
4344,1
4345,0
4346,0
4347,0
4348,0
4349,0
4350,1
4351,0
4352,0
4353,1
4354,0
4355,1
4356,0
4357,0
4358,1
4359,0
4360,0
4361,0
4362,0
4363,1
4364,1
4365,0
4366,0
4367,1
4368,0
4369,0
4370,1
4371,0
4372,1
4373,1
4374,1
4375,1
4376,1
4377,0
4378,1
4379,1
4380,0
4381,0
4382,0
4383,0
4384,1
4385,0
4386,0
4387,1
4388,1
4389,1
4390,1
4391,0
4392,1
4393,0
4394,0
4395,1
4396,1
4397,0
4398,0
4399,0
4400,1
4401,1
4402,0
4403,0
4404,0
4405,1
4406,1
4407,0
4408,0
4409,1
4410,0
4411,1
4412,0
4413,1
4414,0
4415,0
4416,0
4417,0
4418,0
4419,0
4420,0
4421,0
4422,1
4423,0
4424,0
4425,1
4426,1
4427,1
4428,0
4429,0
4430,0
4431,0
4432,1
4433,1
4434,0
4435,1
4436,0
4437,1
4438,0
4439,1
4440,1
4441,0
4442,1
4443,1
4444,0
4445,0
4446,1
4447,0
4448,1
4449,1
4450,1
4451,0
4452,1
4453,1
4454,0
4455,1
4456,1
4457,1
4458,0
4459,0
4460,0
4461,0
4462,1
4463,1
4464,1
4465,0
4466,0
4467,0
4468,1
4469,0
4470,1
4471,0
4472,0
4473,0
4474,0
4475,0
4476,1
4477,0
4478,0
4479,1
4480,0
4481,0
4482,0
4483,1
4484,1
4485,0
4486,0
4487,1
4488,1
4489,0
4490,0
4491,0
4492,0
4493,0
4494,1
4495,0
4496,1
4497,0
4498,0
4499,1
4500,0
4501,0
4502,0
4503,0
4504,0
4505,1
4506,1
4507,0
4508,0
4509,0
4510,0
4511,0
4512,1
4513,0
4514,1
4515,0
4516,0
4517,0
4518,1
4519,0
4520,0
4521,0
4522,1
4523,1
4524,0
4525,1
4526,1
4527,0
4528,0
4529,0
4530,1
4531,1
4532,1
4533,1
4534,1
4535,0
4536,0
4537,1
4538,0
4539,0
4540,0
4541,1
4542,0
4543,1
4544,0
4545,0
4546,0
4547,0
4548,0
4549,0
4550,0
4551,0
4552,0
4553,0
4554,0
4555,0
4556,0
4557,0
4558,1
4559,1
4560,0
4561,1
4562,0
4563,0
4564,0
4565,0
4566,0
4567,0
4568,1
4569,0
4570,0
4571,0
4572,0
4573,0
4574,0
4575,0
4576,0
4577,1
4578,0
4579,0
4580,0
4581,0
4582,0
4583,0
4584,1
4585,0
4586,0
4587,1
4588,0
4589,1
4590,0
4591,1
4592,0
4593,0
4594,1
4595,0
4596,0
4597,0
4598,0
4599,0
4600,0
4601,0
4602,1
4603,0
4604,0
4605,0
4606,0
4607,0
4608,0
4609,0
4610,1
4611,1
4612,0
4613,1
4614,0
4615,1
4616,1
4617,0
4618,0
4619,0
4620,0
4621,0
4622,0
4623,1
4624,0
4625,1
4626,1
4627,0
4628,0
4629,0
4630,1
4631,0
4632,1
4633,0
4634,0
4635,0
4636,0
4637,0
4638,1
4639,1
4640,0
4641,1
4642,0
4643,0
4644,0
4645,0
4646,0
4647,1
4648,0
4649,0
4650,1
4651,0
4652,1
4653,0
4654,1
4655,1
4656,0
4657,0
4658,0
4659,1
4660,1
4661,0
4662,0
4663,0
4664,0
4665,0
4666,0
4667,1
4668,0
4669,0
4670,0
4671,1
4672,0
4673,1
4674,0
4675,0
4676,1
4677,1
4678,1
4679,1
4680,0
4681,0
4682,1
4683,1
4684,0
4685,1
4686,0
4687,1
4688,0
4689,1
4690,1
4691,0
4692,1
4693,1
4694,1
4695,0
4696,0
4697,0
4698,0
4699,1
4700,1
4701,0
4702,1
4703,0
4704,0
4705,0
4706,1
4707,1
4708,1
4709,1
4710,0
4711,1
4712,1
4713,0
4714,1
4715,1
4716,1
4717,1
4718,1
4719,0
4720,1
4721,0
4722,0
4723,0
4724,0
4725,0
4726,1
4727,0
4728,1
4729,0
4730,0
4731,0
4732,0
4733,1
4734,0
4735,0
4736,1
4737,0
4738,0
4739,0
4740,0
4741,0
4742,1
4743,0
4744,0
4745,0
4746,0
4747,1
4748,0
4749,1
4750,0
4751,0
4752,0
4753,0
4754,0
4755,0
4756,1
4757,1
4758,0
4759,0
4760,1
4761,0
4762,1
4763,1
4764,0
4765,1
4766,1
4767,1
4768,0
4769,0
4770,1
4771,1
4772,0
4773,1
4774,1
4775,0
4776,0
4777,0
4778,0
4779,1
4780,0
4781,0
4782,0
4783,1
4784,0
4785,0
4786,1
4787,0
4788,1
4789,1
4790,0
4791,1
4792,0
4793,1
4794,1
4795,1
4796,1
4797,1
4798,0
4799,1
4800,1
4801,0
4802,1
4803,0
4804,1
4805,0
4806,0
4807,0
4808,0
4809,1
4810,1
4811,0
4812,0
4813,0
4814,0
4815,0
4816,0
4817,0
4818,0
4819,0
4820,0
4821,1
4822,0
4823,1
4824,1
4825,0
4826,0
4827,0
4828,1
4829,0
4830,0
4831,1
4832,1
4833,0
4834,0
4835,0
4836,1
4837,0
4838,0
4839,0
4840,1
4841,0
4842,1
4843,1
4844,0
4845,1
4846,1
4847,0
4848,0
4849,1
4850,1
4851,0
4852,0
4853,0
4854,1
4855,1
4856,0
4857,0
4858,0
4859,0
4860,1
4861,0
4862,0
4863,0
4864,0
4865,0
4866,1
4867,0
4868,0
4869,1
4870,0
4871,0
4872,1
4873,0
4874,1
4875,0
4876,0
4877,1
4878,0
4879,1
4880,0
4881,1
4882,1
4883,1
4884,0
4885,1
4886,0
4887,0
4888,0
4889,1
4890,0
4891,0
4892,0
4893,0
4894,0
4895,1
4896,0
4897,0
4898,0
4899,0
4900,1
4901,0
4902,1
4903,1
4904,0
4905,0
4906,0
4907,0
4908,0
4909,0
4910,0
4911,0
4912,0
4913,0
4914,0
4915,1
4916,0
4917,0
4918,0
4919,0
4920,1
4921,0
4922,0
4923,1
4924,0
4925,0
4926,0
4927,1
4928,0
4929,1
4930,0
4931,1
4932,0
4933,1
4934,1
4935,1
4936,1
4937,0
4938,0
4939,0
4940,1
4941,1
4942,1
4943,0
4944,0
4945,0
4946,0
4947,1
4948,0
4949,1
4950,1
4951,1
4952,0
4953,1
4954,0
4955,0
4956,1
4957,0
4958,1
4959,0
4960,0
4961,0
4962,1
4963,0
4964,0
4965,0
4966,0
4967,0
4968,0
4969,1
4970,1
4971,0
4972,0
4973,0
4974,1
4975,1
4976,0
4977,0
4978,0
4979,1
4980,0
4981,0
4982,0
4983,0
4984,0
4985,1
4986,0
4987,1
4988,0
4989,0
4990,1
4991,1
4992,1
4993,0
4994,1
4995,0
4996,0
4997,1
4998,0
4999,0
5000,0
5001,0
5002,1
5003,0
5004,1
5005,0
5006,0
5007,0
5008,0
5009,0
5010,0
5011,0
5012,0
5013,0
5014,0
5015,1
5016,1
5017,0
5018,1
5019,0
5020,1
5021,1
5022,1
5023,0
5024,1
5025,1
5026,0
5027,0
5028,1
5029,0
5030,0
5031,1
5032,1
5033,0
5034,0
5035,0
5036,1
5037,1
5038,0
5039,0
5040,1
5041,0
5042,1
5043,0
5044,1
5045,0
5046,0
5047,0
5048,0
5049,0
5050,0
5051,1
5052,0
5053,0
5054,1
5055,0
5056,0
5057,0
5058,0
5059,0
5060,0
5061,0
5062,0
5063,1
5064,0
5065,1
5066,0
5067,0
5068,1
5069,0
5070,0
5071,0
5072,0
5073,1
5074,1
5075,0
5076,1
5077,1
5078,0
5079,1
5080,0
5081,1
5082,1
5083,0
5084,0
5085,0
5086,1
5087,0
5088,1
5089,0
5090,0
5091,0
5092,1
5093,0
5094,1
5095,0
5096,1
5097,0
5098,1
5099,1
5100,1
5101,1
5102,0
5103,0
5104,0
5105,0
5106,0
5107,0
5108,1
5109,0
5110,0
5111,0
5112,1
5113,1
5114,1
5115,0
5116,1
5117,0
5118,0
5119,1
5120,0
5121,0
5122,0
5123,0
5124,0
5125,0
5126,0
5127,0
5128,1
5129,1
5130,0
5131,0
5132,0
5133,1
5134,1
5135,1
5136,1
5137,0
5138,1
5139,0
5140,0
5141,1
5142,0
5143,0
5144,0
5145,1
5146,0
5147,1
5148,0
5149,0
5150,0
5151,0
5152,1
5153,0
5154,1
5155,1
5156,0
5157,1
5158,0
5159,0
5160,0
5161,1
5162,1
5163,0
5164,0
5165,0
5166,0
5167,1
5168,1
5169,1
5170,0
5171,1
5172,0
5173,1
5174,1
5175,0
5176,0
5177,1
5178,0
5179,0
5180,0
5181,0
5182,1
5183,1
5184,1
5185,1
5186,1
5187,1
5188,1
5189,1
5190,0
5191,0
5192,1
5193,0
5194,0
5195,1
5196,1
5197,0
5198,1
5199,1
5200,0
5201,0
5202,0
5203,1
5204,0
5205,0
5206,0
5207,1
5208,1
5209,1
5210,1
5211,1
5212,0
5213,0
5214,0
5215,1
5216,0
5217,1
5218,0
5219,0
5220,0
5221,1
5222,0
5223,1
5224,1
5225,1
5226,1
5227,0
5228,1
5229,0
5230,0
5231,0
5232,1
5233,0
5234,0
5235,0
5236,0
5237,1
5238,0
5239,0
5240,1
5241,0
5242,0
5243,1
5244,0
5245,0
5246,0
5247,0
5248,1
